items__tags__001,items__tags__002,items__tags__003,items__tags__004,items__tags__005,items__owner__reputation,items__owner__user_id,items__owner__user_type,items__owner__accept_rate,items__owner__profile_image,items__owner__display_name,items__owner__link,items__is_answered,items__view_count,items__protected_date,items__closed_date,items__accepted_answer_id,items__answer_count,items__community_owned_date,items__score,items__last_activity_date,items__creation_date,items__last_edit_date,items__question_id,items__link,items__closed_reason,items__title,total
java,jvm,incompatibility,unsupported-class-version,,7271,898042,registered,57,https://i.stack.imgur.com/3QYVI.jpg?s=128&g=1,ERJAN,https://stackoverflow.com/users/898042/erjan,True,1384625,1411403422,,11432195,40,,1181,1495746372,1335785304,1490199603,10382929,https://stackoverflow.com/questions/10382929/how-to-fix-java-lang-unsupportedclassversionerror-unsupported-major-minor-versi,,How to fix java.lang.UnsupportedClassVersionError: Unsupported major.minor version,610
java,jvm,benchmarking,jvm-hotspot,microbenchmark,7994,24243,registered,40,https://www.gravatar.com/avatar/78443e56a77d9c3328197ee5c952c3d7?s=128&d=identicon&r=PG,John Nilsson,https://stackoverflow.com/users/24243/john-nilsson,True,69364,1296569235,,513259,11,,572,1490198985,1233596381,1495542402,504103,https://stackoverflow.com/questions/504103/how-do-i-write-a-correct-micro-benchmark-in-java,,How do I write a correct micro-benchmark in Java?,
java,memory-management,parameters,jvm,,2753,1239857,registered,31,https://www.gravatar.com/avatar/b24939b19f7bb6b71e908346563212ae?s=128&d=identicon&r=PG,Pankaj,https://stackoverflow.com/users/1239857/pankaj,True,860721,1431464465,1457927373,14763095,4,,522,1480698018,1360279700,1480698018,14763079,https://stackoverflow.com/questions/14763079/what-are-the-xms-and-xmx-parameters-when-starting-jvms,duplicate,What are the Xms and Xmx parameters when starting JVMs?,
java,jvm,jni,64bit,32-bit,10898,95122,registered,88,https://www.gravatar.com/avatar/53edd8e9c033a8a0ec7f4483d52ae62a?s=128&d=identicon&r=PG,BobMcGee,https://stackoverflow.com/users/95122/bobmcgee,True,488503,,,2062036,8,,446,1488182767,1263440309,1370465788,2062020,https://stackoverflow.com/questions/2062020/how-can-i-tell-if-im-running-in-64-bit-jvm-or-32-bit-jvm-from-within-a-program,,How can I tell if I'm running in 64-bit JVM or 32-bit JVM (from within a program)?,
java,jvm,jvm-hotspot,,,120799,3333,registered,80,https://www.gravatar.com/avatar/99660662e89949a4b53cd97bc199ead1?s=128&d=identicon&r=PG,Paul Tomblin,https://stackoverflow.com/users/3333/paul-tomblin,True,183930,,,198651,11,,318,1481000637,1223923213,1373380046,198577,https://stackoverflow.com/questions/198577/real-differences-between-java-server-and-java-client,,"Real differences between ""java -server"" and ""java -client""?",
java,jvm,,,,4577,8528,registered,85,https://www.gravatar.com/avatar/649821cb51ef40f0b6c9bf87fcd4c08e?s=128&d=identicon&r=PG,Spencer Kormos,https://stackoverflow.com/users/8528/spencer-kormos,True,71967,1394700834,,158216,20,,288,1435118066,1222874529,,158174,https://stackoverflow.com/questions/158174/why-would-you-ever-implement-finalize,,Why would you ever implement finalize()?,
java,java-ee,jvm,out-of-memory,heap-memory,66264,3827,registered,97,https://www.gravatar.com/avatar/8f41595db400be30176f6f04630c2842?s=128&d=identicon&r=PG,Eugene Yokota,https://stackoverflow.com/users/3827/eugene-yokota,True,766858,1319641062,,37349,17,,255,1496440706,1220231403,1475244265,37335,https://stackoverflow.com/questions/37335/how-to-deal-with-java-lang-outofmemoryerror-java-heap-space-error-64mb-heap,,"How to deal with ""java.lang.OutOfMemoryError: Java heap space"" error (64MB heap size)",
java,garbage-collection,jvm,heap-memory,,17403,58394,registered,99,https://www.gravatar.com/avatar/4efba28ff0df4f5c3e8819a1ccbf9f1f?s=128&d=identicon&r=PG,knorv,https://stackoverflow.com/users/58394/knorv,True,153577,,,2129294,8,,226,1475328848,1264369875,1458846241,2129044,https://stackoverflow.com/questions/2129044/java-heap-terminology-young-old-and-permanent-generations,,"Java heap terminology: young, old and permanent generations?",
java,jvm,openjdk,,,1476,1529594,registered,100,https://i.stack.imgur.com/nhoQ7.jpg?s=128&g=1,Alireza,https://stackoverflow.com/users/1529594/alireza,True,271084,1447005318,,11580321,19,,214,1492791607,1342634171,1401982140,11547458,https://stackoverflow.com/questions/11547458/what-is-the-difference-between-jvm-jdk-jre-openjdk,,"What is the difference between JVM, JDK, JRE & OpenJDK?",
java,jvm,stack-overflow,,,1722,1154261,registered,100,https://www.gravatar.com/avatar/cb66855103c76bac4aa613cfce79db33?s=128&d=identicon&r=PG,retrohacker,https://stackoverflow.com/users/1154261/retrohacker,True,58465,,1451337868,22182774,10,,212,1419072460,1393965962,1393970048,22182669,https://stackoverflow.com/questions/22182669/what-actually-causes-a-stack-overflow-error,duplicate,What actually causes a Stack Overflow error?,
java,proxy,jvm,,,13496,15649,registered,63,https://www.gravatar.com/avatar/69a59959380376a6685e25e7a87ed6e7?s=128&d=identicon&r=PG,Leonel,https://stackoverflow.com/users/15649/leonel,True,359297,,,120802,18,,208,1485420792,1222174405,,120797,https://stackoverflow.com/questions/120797/how-do-i-set-the-proxy-to-be-used-by-the-jvm,,How do I set the proxy to be used by the JVM,
java,jvm,heap,,,1855,487694,registered,67,https://www.gravatar.com/avatar/cb868d14e2b97dbd5cc6b9965ee02544?s=128&d=identicon&r=PG,Narendra,https://stackoverflow.com/users/487694/narendra,True,571797,1390072898,,4401410,24,,186,1492770176,1291916797,1383467773,4401396,https://stackoverflow.com/questions/4401396/could-not-reserve-enough-space-for-object-heap,,Could not reserve enough space for object heap,
java,multithreading,jvm,,,1398,119919,registered,93,https://www.gravatar.com/avatar/19974801ba8505cf69a6fdab281251aa?s=128&d=identicon&r=PG,Kryten,https://stackoverflow.com/users/119919/kryten,True,136844,,,3018672,11,,161,1469891977,1251131411,1251139427,1323408,https://stackoverflow.com/questions/1323408/get-a-list-of-all-threads-currently-running-in-java,,Get a List of all Threads currently running in Java,
java,eclipse,osx,jvm,jvm-hotspot,20007,438319,registered,75,https://www.gravatar.com/avatar/ada65838f2d92a5c922f2534eb1e444e?s=128&d=identicon&r=PG,ams,https://stackoverflow.com/users/438319/ams,True,70979,1405319978,,,10,,161,1493839261,1379103585,,18794573,https://stackoverflow.com/questions/18794573/objc10012-class-javalaunchhelper-is-implemented-in-both-libinstrument-dyl,,objc[10012]: Class JavaLaunchHelper is implemented in both ... libinstrument.dylib. One of the two will be used. Which one is undefined,
java,jvm,java-8,permgen,,4426,2696031,registered,100,https://www.gravatar.com/avatar/b7cb9431f0fc5af297824844b94b2750?s=128&d=identicon&r=PG,Shamim Ahmmed,https://stackoverflow.com/users/2696031/shamim-ahmmed,True,106767,,,18345876,6,,160,1484630262,1377014209,1412073136,18339707,https://stackoverflow.com/questions/18339707/permgen-elimination-in-jdk-8,,PermGen elimination in JDK 8,
java,python,multithreading,jvm,gil,1655,62029,registered,86,https://www.gravatar.com/avatar/678af400241c37d1492f8e2e992f1d73?s=128&d=identicon&r=PG,AgentLiquid,https://stackoverflow.com/users/62029/agentliquid,True,14343,,,991917,4,,160,1466413257,1244941975,,991904,https://stackoverflow.com/questions/991904/why-is-there-no-gil-in-the-java-virtual-machine-why-does-python-need-one-so-bad,,Why is there no GIL in the Java Virtual Machine? Why does Python need one so bad?,
java,jvm,jvm-arguments,,,1218,242135,registered,100,https://www.gravatar.com/avatar/44b0dfdcc0345553f8aca6e154944c95?s=128&d=identicon&r=PG,Geoff,https://stackoverflow.com/users/242135/geoff,True,214429,,,12114284,4,,159,1462358336,1345829878,1399450909,12114174,https://stackoverflow.com/questions/12114174/what-does-xxmaxpermsize-do,,What does -XX:MaxPermSize do?,
java,jvm,classloader,jvm-arguments,,8843,68283,registered,82,https://www.gravatar.com/avatar/8d069a55fa769812730461b355a92b04?s=128&d=identicon&r=PG,Rich,https://stackoverflow.com/users/68283/rich,True,76855,,,3334954,3,,159,1443478563,1280148680,1495540982,3334911,https://stackoverflow.com/questions/3334911/what-does-jvm-flag-cmsclassunloadingenabled-actually-do,,What does JVM flag CMSClassUnloadingEnabled actually do?,
java,multithreading,jvm,classloader,,802,210434,registered,,https://www.gravatar.com/avatar/1fb0a9a5fb166863875453747e9f4524?s=128&d=identicon&r=PG,abracadabra,https://stackoverflow.com/users/210434/abracadabra,True,67023,,,1771725,4,,156,1495648318,1258734825,1464014831,1771679,https://stackoverflow.com/questions/1771679/difference-between-threads-context-class-loader-and-normal-classloader,,Difference between thread's context class loader and normal classloader,
java,jvm,javac,,,2967,73148,registered,80,https://www.gravatar.com/avatar/a422796b41dd348def68fbd6b8edb5c4?s=128&d=identicon&r=PG,Rahul Garg,https://stackoverflow.com/users/73148/rahul-garg,True,57919,1452950775,,1220931,9,,149,1462117536,1249281699,1462117536,1220914,https://stackoverflow.com/questions/1220914/in-which-language-are-the-java-compiler-and-jvm-written,,In which language are the Java compiler and JVM written?,
java,jvm,heap-dump,thread-dump,,,,does_not_exist,,,macgreg,,True,322690,,,,14,,146,1490293736,1230920251,1358402717,407612,https://stackoverflow.com/questions/407612/how-to-get-a-thread-and-heap-dump-of-a-java-process-on-windows-thats-not-runnin,,How to get a thread and heap dump of a Java process on Windows that's not running in a console,
java,jvm,,,,2283,391441,registered,91,https://www.gravatar.com/avatar/95d7f246a5ea0e46b1a7bf765d8fdf29?s=128&d=identicon&r=PG,instantsetsuna,https://stackoverflow.com/users/391441/instantsetsuna,True,106027,,,4967914,4,,142,1399454054,1297419766,1495541434,4967885,https://stackoverflow.com/questions/4967885/jvm-option-xss-what-does-it-do-exactly,,JVM option -Xss - What does it do exactly?,
java,jvm,bytecode,,,17949,85821,registered,73,https://www.gravatar.com/avatar/28d7fc76db803c6757e7cfd2cde20354?s=128&d=identicon&r=PG,Bart van Heukelom,https://stackoverflow.com/users/85821/bart-van-heukelom,True,54543,1429358908,,6827552,8,,133,1453191461,1311669575,1360920545,6827363,https://stackoverflow.com/questions/6827363/bytecode-features-not-available-in-the-java-language,,Bytecode features not available in the Java language,
java,python,jvm,,,809,48162,registered,,https://www.gravatar.com/avatar/8e8ac2ec8ae5a83fa246cf9f8cca8b0c?s=128&d=identicon&r=PG,twils,https://stackoverflow.com/users/48162/twils,True,34612,,,441973,8,,129,1475312800,1231904372,1231953163,441824,https://stackoverflow.com/questions/441824/java-virtual-machine-vs-python-interpreter-parlance,,"Java ""Virtual Machine"" vs. Python ""Interpreter"" parlance?",
java,arrays,jvm,initialization,java-7,1320,946635,registered,90,https://www.gravatar.com/avatar/1c03fd0b5c9f1d095566a31643b71eb9?s=128&d=identicon&r=PG,Stanislav Poslavsky,https://stackoverflow.com/users/946635/stanislav-poslavsky,True,6557,,,12375312,2,,129,1349449717,1347019150,1347281617,12317668,https://stackoverflow.com/questions/12317668/java-int-array-initializes-with-nonzero-elements,,Java: int array initializes with nonzero elements,
java,jvm,monitoring,jmx,jconsole,7453,917,registered,46,https://www.gravatar.com/avatar/305b35de31b6f9e1ad1fce2e8f015705?s=128&d=identicon&r=PG,Mauli,https://stackoverflow.com/users/917/mauli,True,171109,,,856882,7,,128,1490265835,1242205332,,856881,https://stackoverflow.com/questions/856881/how-to-activate-jmx-on-my-jvm-for-access-with-jconsole,,How to activate JMX on my JVM for access with jconsole?,
java,jvm,heap,,,4160,34956,registered,88,https://www.gravatar.com/avatar/8f210ededa655250c5ec3eecd0bef141?s=128&d=identicon&r=PG&f=1,Parag,https://stackoverflow.com/users/34956/parag,True,14623,,,12130149,1,,125,1345984594,1345983992,,12130107,https://stackoverflow.com/questions/12130107/difference-between-sampling-and-profiling-in-jvisualvm,,Difference between sampling and profiling in jVisualvm,
java,jvm,compatibility,java-7,java-8,773,574351,registered,86,https://www.gravatar.com/avatar/66fbd45b5b851874e01def08c8491610?s=128&d=identicon&r=PG,inovaovao,https://stackoverflow.com/users/574351/inovaovao,True,42405,,,22492421,5,,122,1446509788,1366622964,1370979372,16143684,https://stackoverflow.com/questions/16143684/can-java-8-code-be-compiled-to-run-on-java-7-jvm,,Can Java 8 code be compiled to run on Java 7 jvm?,
java,jvm,,,,964,301708,registered,65,https://www.gravatar.com/avatar/c400b34089ddad47aa6715d44b245c2e?s=128&d=identicon&r=PG,userv,https://stackoverflow.com/users/301708/userv,True,10340,,,30581726,3,,117,1491096580,1433186524,1485708914,30581531,https://stackoverflow.com/questions/30581531/maximum-number-of-parameters-in-java-method-declaration,,Maximum number of parameters in Java method declaration,
java,jvm,jvm-arguments,,,7401,53481,registered,82,https://www.gravatar.com/avatar/2a4ff38be3e36bb3fd3174b74240df98?s=128&d=identicon&r=PG&f=1,okutane,https://stackoverflow.com/users/53481/okutane,True,93708,,,1531999,3,,111,1373552355,1254205377,1352119651,1490869,https://stackoverflow.com/questions/1490869/how-to-get-vm-arguments-from-inside-of-java-application,,How to get vm arguments from inside of java application?,
java,jvm,stack-overflow,,,437,2613641,registered,,https://graph.facebook.com/1824125666/picture?type=large,flrnb,https://stackoverflow.com/users/2613641/flrnb,True,4163,,,17836189,7,,108,1375213313,1374653790,1495535248,17828584,https://stackoverflow.com/questions/17828584/why-does-this-method-print-4,,Why does this method print 4?,
java,jvm,,,,1658,9195,registered,60,https://www.gravatar.com/avatar/0756fd32239cf4414acd76fb1225aa0c?s=128&d=identicon&r=PG&f=1,Shivasubramanian A,https://stackoverflow.com/users/9195/shivasubramanian-a,True,48191,,,65291,23,,97,1479054283,1221501695,1424544867,65200,https://stackoverflow.com/questions/65200/how-do-you-crash-a-jvm,,How do you crash a JVM?,
java,jvm,64bit,compatibility,32-bit,2302,5675,registered,83,https://www.gravatar.com/avatar/b8fbfad45e80355228341ab506adcf97?s=128&d=identicon&r=PG,lupefiasco,https://stackoverflow.com/users/5675/lupefiasco,True,105823,,,783669,9,,92,1438339353,1240523287,1355914836,783662,https://stackoverflow.com/questions/783662/java-32-bit-vs-64-bit-compatibility,,Java 32-bit vs 64-bit compatibility,
java,jvm,scala,tail-recursion,,7596,5113,registered,82,https://www.gravatar.com/avatar/a6ef9f7bfccd43bc5f22bfbc2eb41855?s=128&d=identicon&r=PG,Jason Dagit,https://stackoverflow.com/users/5113/jason-dagit,True,23165,,,105897,5,,92,1362506545,1221860135,1495540396,105834,https://stackoverflow.com/questions/105834/does-the-jvm-prevent-tail-call-optimizations,,Does the JVM prevent tail call optimizations?,
java,garbage-collection,jvm,,,464,355776,unregistered,,https://www.gravatar.com/avatar/8f373bf228313f4cf24745632434038e?s=128&d=identicon&r=PG,PRK,https://stackoverflow.com/users/355776/prk,True,148214,,,,2,,90,1476543612,1291673931,1291674265,4371505,https://stackoverflow.com/questions/4371505/gc-overhead-limit-exceeded,,GC overhead limit exceeded,
java,language-agnostic,optimization,jvm,tail-call-optimization,13856,297776,registered,94,https://www.gravatar.com/avatar/6e4171314f4704b1e82aa4e5d9067e92?s=128&d=identicon&r=PG,soc,https://stackoverflow.com/users/297776/soc,True,19510,,,3682044,4,,88,1438174383,1283332065,1495541448,3616483,https://stackoverflow.com/questions/3616483/why-does-the-jvm-still-not-support-tail-call-optimization,,Why does the JVM still not support tail-call optimization?,
java,caching,jvm,compilation,jit,30718,148765,registered,88,https://www.gravatar.com/avatar/07d542a58ef9867b4ac2309ecdac3d2e?s=128&d=identicon&r=PG,Chinmay Kanchi,https://stackoverflow.com/users/148765/chinmay-kanchi,True,7517,,,1992529,5,,88,1480119927,1262459171,,1992486,https://stackoverflow.com/questions/1992486/why-doesnt-the-jvm-cache-jit-compiled-code,,Why doesn't the JVM cache JIT compiled code?,
java,jvm,jit,machine-instruction,,7945,2109070,registered,62,https://i.stack.imgur.com/h9hoX.jpg?s=128&g=1,Trying,https://stackoverflow.com/users/2109070/trying,True,3316,,,20826821,4,,86,1388736031,1388330775,1388736031,20826718,https://stackoverflow.com/questions/20826718/what-is-the-loop-inversion-technique,,What is the loop inversion technique?,
java,jvm,,,,58924,3916,registered,100,https://www.gravatar.com/avatar/4b94715e1349011b0529e81da45b06e7?s=128&d=identicon&r=PG,Vineet Reynolds,https://stackoverflow.com/users/3916/vineet-reynolds,True,236942,,,1434901,16,,84,1480010129,1253126691,1495535453,1434779,https://stackoverflow.com/questions/1434779/maximum-java-heap-size-of-a-32-bit-jvm-on-a-64-bit-os,,Maximum Java heap size of a 32-bit JVM on a 64-bit OS,
java,android,jvm,android-studio,,3301,548854,registered,100,https://i.stack.imgur.com/8PmER.jpg?s=128&g=1,Syed Qarib,https://stackoverflow.com/users/548854/syed-qarib,True,194500,1418584227,,25054118,26,,81,1478858055,1406066777,1495540476,24898684,https://stackoverflow.com/questions/24898684/android-studio-no-jvm-installation-found,,Android Studio - No JVM Installation found,
java,performance,scala,clojure,jvm,4517,9931,registered,94,https://i.stack.imgur.com/KEBTp.jpg?s=128&g=1,Ryan Delucchi,https://stackoverflow.com/users/9931/ryan-delucchi,True,28326,,,1506844,8,,79,1402084961,1254434091,1303547212,1506728,https://stackoverflow.com/questions/1506728/on-performance-and-java-interoperability-clojure-vs-scala,,On Performance and Java Interoperability: Clojure vs. Scala,
c#,java,clr,jvm,,2372,13436,registered,89,https://www.gravatar.com/avatar/afd03476557a6734de899cd772038396?s=128&d=identicon&r=PG,Rob,https://stackoverflow.com/users/13436/rob,True,19054,,,682631,8,,79,1488230075,1238001905,1238002290,682608,https://stackoverflow.com/questions/682608/implementing-c-for-the-jvm,,Implementing C# for the JVM,
java,jvm,windows-server-2008,timezone,jdk1.5,1275,197680,registered,100,https://i.stack.imgur.com/lJa4W.jpg?s=128&g=1,Kushal Paudyal,https://stackoverflow.com/users/197680/kushal-paudyal,True,132882,,,2493805,6,,77,1478112257,1269273804,1464954842,2493749,https://stackoverflow.com/questions/2493749/how-to-set-a-jvm-timezone-properly,,How to set a JVM TimeZone Properly,
java,memory-management,jvm,hashcode,memory-address,5058,104085,registered,74,https://www.gravatar.com/avatar/c3d7f859f23d4415607570703cc9d528?s=128&d=identicon&r=PG,uzay95,https://stackoverflow.com/users/104085/uzay95,True,79428,,,1961150,8,,75,1495138275,1261746642,1486563527,1961146,https://stackoverflow.com/questions/1961146/memory-address-of-variables-in-java,,Memory address of variables in Java,
java,jvm,,,,353,310782,unregistered,,https://www.gravatar.com/avatar/f9eca459056bf003716292a2167ce70e?s=128&d=identicon&r=PG,list,https://stackoverflow.com/users/310782/list,True,70821,,,2591141,7,,70,1488586063,1270630617,1488586063,2591083,https://stackoverflow.com/questions/2591083/getting-java-version-at-runtime,,Getting Java version at runtime,
java,jvm,decompiling,,,2137,959,registered,52,https://www.gravatar.com/avatar/fbf159cff450127f4cc0be643dbcb182?s=128&d=identicon&r=PG,jatanp,https://stackoverflow.com/users/959/jatanp,True,60442,1350755327,,49428,10,,70,1488899558,1220866738,1322387586,49379,https://stackoverflow.com/questions/49379/how-to-lock-compiled-java-classes-to-prevent-decompilation,,How to lock compiled Java classes to prevent decompilation?,
java,debugging,jvm,jvm-arguments,,18685,42303,registered,98,https://www.gravatar.com/avatar/bf2caefd09a9e0914f0f0bd2f7f18e4e?s=128&d=identicon&r=PG,hhafez,https://stackoverflow.com/users/42303/hhafez,True,55778,,,376276,5,,69,1479355088,1229551376,1434053802,376201,https://stackoverflow.com/questions/376201/debug-a-java-application-without-starting-the-jvm-with-debug-arguments,,Debug a java application without starting the JVM with debug arguments,
java,testing,jvm,systemtime,,7404,93953,registered,56,https://www.gravatar.com/avatar/83805a58683cbdd4677c667692bb99e7?s=128&d=identicon&r=PG,Mike Clark,https://stackoverflow.com/users/93953/mike-clark,True,40189,,,2001696,10,,68,1483286327,1262633993,1372662688,2001671,https://stackoverflow.com/questions/2001671/override-java-system-currenttimemillis-for-testing-time-sensitive-code,,Override Java System.currentTimeMillis for testing time sensitive code,
java,jvm,keytool,,,4624,323698,registered,78,https://www.gravatar.com/avatar/2cbf1f4321b5863af35e1fd634d85506?s=128&d=identicon&r=PG,jini,https://stackoverflow.com/users/323698/jini,True,181532,,,,7,,68,1478046310,1327363244,,8980364,https://stackoverflow.com/questions/8980364/how-do-i-find-out-what-keystore-my-jvm-is-using,,How do I find out what keystore my JVM is using?,
java,jvm,compiler-optimization,integer-overflow,,4062,387852,registered,71,https://www.gravatar.com/avatar/efd91fa42413a9a32ec5a1d55157a848?s=128&d=identicon&r=PG,Michael McGowan,https://stackoverflow.com/users/387852/michael-mcgowan,True,3223,,,5183738,5,,68,1350923955,1299169263,,5183468,https://stackoverflow.com/questions/5183468/is-this-a-jvm-bug-or-expected-behavior,,"Is this a JVM bug or ""expected behavior""?",
java,android,jvm,environment-variables,java-home,671,3165626,registered,69,https://i.stack.imgur.com/23TLa.jpg?s=128&g=1,LegionDev,https://stackoverflow.com/users/3165626/legiondev,True,127026,1406585810,,24077997,18,,66,1469293596,1389717945,1414252108,21119021,https://stackoverflow.com/questions/21119021/installing-android-studio-does-not-point-to-a-valid-jvm-installation-error,,"Installing Android Studio, does not point to a valid JVM installation error",
java,tomcat,jvm,tomcat6,,4172,181870,registered,60,https://www.gravatar.com/avatar/a1a4ba670402a6b2946551da72ebbb71?s=128&d=identicon&r=PG,Gnanam,https://stackoverflow.com/users/181870/gnanam,True,36282,,,11222367,1,,66,1377069046,1340786298,,11222365,https://stackoverflow.com/questions/11222365/catalina-opts-vs-java-opts-what-is-the-difference,,CATALINA_OPTS vs JAVA_OPTS - What is the difference?,
java,jvm,version,,,4906,268850,registered,68,https://www.gravatar.com/avatar/d3b626b87eafac1a9fb3dd6d80971016?s=128&d=identicon&r=PG,java_geek,https://stackoverflow.com/users/268850/java-geek,True,50760,,,5103183,9,,65,1484723165,1298541978,1402657022,5103121,https://stackoverflow.com/questions/5103121/how-to-find-the-jvm-version-from-a-program,,How to find the JVM version from a program?,
java,jvm,jvm-arguments,,,5224,64138,registered,92,https://i.stack.imgur.com/72Fo9.png?s=128&g=1,Alceu Costa,https://stackoverflow.com/users/64138/alceu-costa,True,257805,,,3030294,5,,65,1429634739,1276380311,1276380864,3030263,https://stackoverflow.com/questions/3030263/increasing-the-jvm-maximum-heap-size-for-memory-intensive-applications,,Increasing the JVM maximum heap size for memory intensive applications,
java,jvm,,,,3471,1080093,registered,92,https://i.stack.imgur.com/laQAi.jpg?s=128&g=1,Nav,https://stackoverflow.com/users/1080093/nav,True,80021,,,8388068,7,,65,1473861039,1323100432,1473861039,8387989,https://stackoverflow.com/questions/8387989/where-is-a-static-method-and-a-static-variable-stored-in-java-in-heap-or-in-sta,,where is a static method and a static variable stored in java. In heap or in stack memory,
java,memory-management,jvm,64bit,virtual-memory,505,3246431,registered,43,https://www.gravatar.com/avatar/eaa31cfc49ffb4557d65b65cd358e1e5?s=128&d=identicon&r=PG&f=1,user3246431,https://stackoverflow.com/users/3246431/user3246431,True,7176,,,,7,,64,1437046281,1398765567,1398871576,23385471,https://stackoverflow.com/questions/23385471/a-simple-hello-world-needs-10g-virtual-memory-on-a-64-bit-machine-vs-1g-at-32,,"A simple ""Hello World"" needs 10G virtual memory on a 64-bit machine vs 1G at 32-bit?",
,,,,,,,,,,,,,,,,,,,,,,,,,,,
java,jvm,jvm-hotspot,,,829,956907,registered,89,https://www.gravatar.com/avatar/5467d8e089108097c79fa108e6cfdf20?s=128&d=identicon&r=PG,Raghu,https://stackoverflow.com/users/956907/raghu,True,51844,,,7520238,5,,64,1475603498,1316686647,1413468654,7513185,https://stackoverflow.com/questions/7513185/what-are-reservedcodecachesize-and-initialcodecachesize,,What are ReservedCodeCacheSize and InitialCodeCacheSize?,
java,multithreading,jvm,,,1392,84592,registered,62,https://www.gravatar.com/avatar/9ac971ae587c9598dda3386a522425dc?s=128&d=identicon&r=PG,user84592,https://stackoverflow.com/users/84592/user84592,True,22836,,,6705467,3,,62,1454695279,1310724078,1454695279,6705400,https://stackoverflow.com/questions/6705400/java-jvm-profiling-thread-status-what-does-monitor-status-mean,,"Java JVM profiling, thread status - what does ""Monitor"" status mean?",
java,jvm,,,,11466,54506,registered,79,https://i.stack.imgur.com/coddh.png?s=128&g=1,Jayan,https://stackoverflow.com/users/54506/jayan,True,21468,,,8517155,4,,61,1493387270,1323937714,1484285506,8517121,https://stackoverflow.com/questions/8517121/java-what-is-the-difference-between-init-and-clinit,,Java: What is the difference between <init> and <clinit>?,
java,string,jvm,,,618,605985,registered,55,https://www.gravatar.com/avatar/35c55b5a3d41c2f7a5de3935f61292c3?s=128&d=identicon&r=PG,Rengasami Ramanujam,https://stackoverflow.com/users/605985/rengasami-ramanujam,True,70522,,,4918466,4,,61,1457423337,1297057688,1431414472,4918399,https://stackoverflow.com/questions/4918399/where-does-javas-string-constant-pool-live-the-heap-or-the-stack,,"Where does Java's String constant pool live, the heap or the stack?",
java,android,jvm,dvm,,315,415826,registered,0,https://www.gravatar.com/avatar/80d50ed728a2b719df501fabe027bf9c?s=128&d=identicon&r=PG,anish,https://stackoverflow.com/users/415826/anish,True,41490,,,,5,,61,1461430220,1281421440,1461430220,3446540,https://stackoverflow.com/questions/3446540/what-is-the-difference-between-dvm-and-jvm,,What is the difference between DVM and JVM?,
java,jvm,hashcode,heap-memory,,9042,78677,registered,,https://www.gravatar.com/avatar/0e3e171e285f15e7563383a2c0f1db6f?s=128&d=identicon&r=PG,butterchicken,https://stackoverflow.com/users/78677/butterchicken,True,12100,,,1063100,5,,61,1434140955,1246359462,1246366222,1063068,https://stackoverflow.com/questions/1063068/how-does-the-jvm-ensure-that-system-identityhashcode-will-never-change,,How does the JVM ensure that System.identityHashCode() will never change?,
java,arrays,memory,multidimensional-array,jvm,512,2712301,registered,89,https://www.gravatar.com/avatar/07f71b6e914d29dead947684cb749e78?s=128&d=identicon&r=PG&f=1,John Paul,https://stackoverflow.com/users/2712301/john-paul,True,1996,,,35576495,4,,60,1458410333,1456227059,1458410333,35576390,https://stackoverflow.com/questions/35576390/is-there-a-low-level-difference-between-intlargesmall-or-intsmalllarge-i,,Is there a low-level difference between int[large][small] or int[small][large] in Java?,
java,garbage-collection,jvm,,,3025,266103,registered,88,https://www.gravatar.com/avatar/98d7256043520aa770a3e837c0a44d72?s=128&d=identicon&r=PG,shrini1000,https://stackoverflow.com/users/266103/shrini1000,True,20636,,,10695418,5,,60,1479976485,1337656625,1479976485,10695298,https://stackoverflow.com/questions/10695298/java-gc-why-two-survivor-regions,,Java GC: why two survivor regions?,
java,memory,jvm,jvm-hotspot,,6774,7507,registered,90,https://www.gravatar.com/avatar/b5313e4d49376b6c953509a729f29e38?s=128&d=identicon&r=PG,noahlz,https://stackoverflow.com/users/7507/noahlz,True,24892,,,11054851,1,,60,1460358762,1339776934,1460358762,11054548,https://stackoverflow.com/questions/11054548/what-does-the-usecompressedoops-jvm-flag-do-and-when-should-i-use-it,,What does the UseCompressedOops JVM flag do and when should I use it?,
java,memory-management,jvm,cluster-computing,,431,641190,registered,,https://www.gravatar.com/avatar/6a3e799df37e3ef4417dadaafbee1609?s=128&d=identicon&r=PG,critichu,https://stackoverflow.com/users/641190/critichu,True,3545,,,,5,,59,1396790445,1396005093,1396258693,22711247,https://stackoverflow.com/questions/22711247/64-bit-jvm-limited-to-300gb-of-memory,,64-bit JVM limited to 300GB of memory?,
java,optimization,printing,jvm,flags,462,1186241,registered,,https://www.gravatar.com/avatar/c7d2e99feed37b69ae68e29cbfded747?s=128&d=identicon&r=PG,Sachin Bhansali,https://stackoverflow.com/users/1186241/sachin-bhansali,True,27698,,,10487728,2,,59,1424077956,1336411696,1336412157,10486375,https://stackoverflow.com/questions/10486375/print-all-jvm-flags,,Print All JVM Flags,
java,eclipse,jvm,jvm-arguments,,291,1212731,registered,,https://www.gravatar.com/avatar/da4711989bdcdb01ab37bb4148ac7529?s=128&d=identicon&r=PG,user1212731,https://stackoverflow.com/users/1212731/user1212731,True,346576,,,,10,,58,1483703741,1329352659,,9303889,https://stackoverflow.com/questions/9303889/error-occurred-during-initialization-of-vm-could-not-reserve-enough-space-for,,“Error occurred during initialization of VM; Could not reserve enough space for object heap” using -Xmx3G,
java,unit-testing,junit,jvm,intellij-idea,3502,898763,registered,72,https://www.gravatar.com/avatar/5a00b5bb181a9f38e13ca8cd0fd71ea8?s=128&d=identicon&r=PG,amaidment,https://stackoverflow.com/users/898763/amaidment,True,77887,,,7579864,7,,58,1475722239,1317195322,1317199204,7579776,https://stackoverflow.com/questions/7579776/how-to-set-jvm-parameters-for-junit-unit-tests,,How to set JVM parameters for Junit Unit Tests?,
java,assembly,jvm,jit,,402,159912,registered,80,https://www.gravatar.com/avatar/8dc550043d972bef4c05c4fd289f033b?s=128&d=identicon&r=PG,alsor.net,https://stackoverflow.com/users/159912/alsor-net,True,11317,,,1503919,7,,58,1490557310,1254397516,1407394138,1503479,https://stackoverflow.com/questions/1503479/how-to-see-jit-compiled-code-in-jvm,,How to see JIT-compiled code in JVM?,
java,reflection,jvm,.class-file,,12869,839689,registered,75,https://www.gravatar.com/avatar/eed3ee2db841be15bdb120f3ff38f02e?s=128&d=identicon&r=PG,Nayuki,https://stackoverflow.com/users/839689/nayuki,True,2530,,,30496867,4,,58,1457632715,1432753464,1432753736,30491035,https://stackoverflow.com/questions/30491035/can-java-class-files-use-reserved-keywords-as-names,,Can Java class files use reserved keywords as names?,
java,jvm,memory-management,,,6756,34935,registered,61,https://www.gravatar.com/avatar/27079559125269ea0a30acba3fb06235?s=128&d=identicon&r=PG,dfrankow,https://stackoverflow.com/users/34935/dfrankow,True,108098,,,9220388,6,1274894651,57,1493321952,1274894543,1495540939,2915276,https://stackoverflow.com/questions/2915276/what-is-the-default-maximum-heap-size-for-suns-jvm-from-java-se-6,,What is the default maximum heap size for Sun's JVM from Java SE 6?,
java,tomcat,grails,jvm,permgen,1306,588051,registered,39,https://www.gravatar.com/avatar/f640da34b35137cde96606200466ee72?s=128&d=identicon&r=PG,황현정,https://stackoverflow.com/users/588051/%ed%99%a9%ed%98%84%ec%a0%95,True,157234,,,11341758,3,,57,1427398587,1341480543,,11341494,https://stackoverflow.com/questions/11341494/how-do-i-properly-set-the-permgen-size,,How do I properly set the permgen size?,
java,jvm,bytecode,,,271753,276052,registered,81,https://i.stack.imgur.com/UcrhR.jpg?s=128&g=1,aioobe,https://stackoverflow.com/users/276052/aioobe,True,1801,,,6400306,3,,57,1317388160,1308319170,1308327200,6386917,https://stackoverflow.com/questions/6386917/strange-exception-table-entry-produced-by-suns-javac,,Strange exception table entry produced by Sun's javac,
java,jvm,bytecode,java-bytecode-asm,,862,910118,registered,68,https://www.gravatar.com/avatar/387fb5a9a7d7358300dbdf0cf041bd15?s=128&d=identicon&r=PG,shijie xu,https://stackoverflow.com/users/910118/shijie-xu,False,1050,,1442090538,,0,,57,1441992902,1439499310,1441992902,31998248,https://stackoverflow.com/questions/31998248/method-invocation-instruction-invokevirtual-invokestatic-is-substituted-by-som,duplicate,Method invocation instruction (invokevirtual/invokestatic) is substituted by some unexpected instructions,
java,windows,jvm,visualvm,,2137,421245,registered,100,https://www.gravatar.com/avatar/34daa12368c10eca1ae904afa14696d2?s=128&d=identicon&r=PG,Mike Partridge,https://stackoverflow.com/users/421245/mike-partridge,True,30400,,,9571000,4,,56,1478175436,1330967660,1331176304,9570921,https://stackoverflow.com/questions/9570921/how-do-i-provide-jvm-arguments-to-visualvm,,How do I provide JVM arguments to VisualVM?,
java,garbage-collection,jvm,,,2459,1968462,registered,84,https://i.stack.imgur.com/9Mhro.jpg?s=128&g=1,Kat,https://stackoverflow.com/users/1968462/kat,True,2326,,,34739715,8,,56,1452720690,1452588691,,34739112,https://stackoverflow.com/questions/34739112/can-the-jvm-gc-move-objects-in-the-middle-of-a-reference-comparison-causing-a-c,,"Can the JVM GC move objects in the middle of a reference comparison, causing a comparison to fail even when both sides refer to the same object?",
java,performance,jvm,java-7,,382567,57695,registered,78,https://www.gravatar.com/avatar/53ee9941b3fefef67175daf212e62d41?s=128&d=identicon&r=PG,Peter Lawrey,https://stackoverflow.com/users/57695/peter-lawrey,True,10260,,,10289995,5,,54,1496059347,1326363459,1495540968,8833385,https://stackoverflow.com/questions/8833385/support-for-compressed-strings-being-dropped-in-hotspot-jvm,,Support for Compressed Strings being Dropped in HotSpot JVM?,
java,jvm,,,,30646,2396539,registered,78,https://i.stack.imgur.com/nGigV.png?s=128&g=1,Aniket Thakur,https://stackoverflow.com/users/2396539/aniket-thakur,True,23985,,,18395161,2,,54,1479310393,1377231034,1406119071,18394560,https://stackoverflow.com/questions/18394560/when-multiple-java-programs-run-on-the-same-machine,,When multiple java programs run on the same machine,
java,eclipse,jvm,stack-overflow,jvm-arguments,1756,254944,registered,88,https://www.gravatar.com/avatar/5ec3d032cf7485e09dabf32df26c1957?s=128&d=identicon&r=PG,tree-hacker,https://stackoverflow.com/users/254944/tree-hacker,True,118400,,,2127262,7,,53,1491172294,1264340146,1264878201,2127217,https://stackoverflow.com/questions/2127217/java-stack-overflow-error-how-to-increase-the-stack-size-in-eclipse,,Java stack overflow error - how to increase the stack size in Eclipse?,
java,jvm,,,,2296,80382,registered,70,https://www.gravatar.com/avatar/a4e3d98e70a9bbec6cce4582b2a76338?s=128&d=identicon&r=PG,Dima,https://stackoverflow.com/users/80382/dima,True,67542,,,,4,,53,1460539749,1266324316,1426449444,2272908,https://stackoverflow.com/questions/2272908/too-many-open-files-how-many-are-open-what-they-are-and-how-many-can-the-jvm,,"Too many open files: how many are open, what they are, and how many can the JVM open",
java,android,jvm,dalvik,,3132,27247,registered,88,https://www.gravatar.com/avatar/3cb44c718ffc4753ecef1602bf0a95f0?s=128&d=identicon&r=PG&f=1,Ichorus,https://stackoverflow.com/users/27247/ichorus,True,14160,,,231284,4,,53,1450343493,1224775813,1450343493,230193,https://stackoverflow.com/questions/230193/what-can-you-not-do-on-the-dalvik-vm-androids-vm-that-you-can-in-sun-vm,,What can you not do on the Dalvik VM (Android's VM) that you can in Sun VM?,
java,oop,inheritance,jvm,internal-representation,1797,1911388,registered,70,https://www.gravatar.com/avatar/58854a18f41a5a9ae701cc0fed31f9f2?s=128&d=identicon&r=PG&f=1,0xbe5077ed,https://stackoverflow.com/users/1911388/0xbe5077ed,True,3157,,,23950502,5,,51,1401439701,1401429498,,23948009,https://stackoverflow.com/questions/23948009/whats-the-size-cost-of-java-inheritance,,What's the size cost of Java inheritance?,
java,loops,jvm,,,564,2182237,registered,95,https://i.stack.imgur.com/vDkuI.jpg?s=128&g=1,Don,https://stackoverflow.com/users/2182237/don,True,55182,,1376325766,18188174,13,,50,1410288435,1376313793,1376407088,18188123,https://stackoverflow.com/questions/18188123/is-it-bad-practice-to-use-break-to-exit-a-loop-in-java,primarily opinion-based,Is it bad practice to use break to exit a loop in java?,
java,jvm,runtime,heap,,1122,79408,registered,100,https://www.gravatar.com/avatar/a2ac925848ba5afaa9523f7fa1563cf7?s=128&d=identicon&r=PG,feiroox,https://stackoverflow.com/users/79408/feiroox,True,38326,,,763305,8,,50,1346921307,1240053228,1253221237,763295,https://stackoverflow.com/questions/763295/setting-jvm-heap-size-at-runtime,,Setting JVM heap size at runtime,
java,jvm,,,,10141,240698,registered,62,https://www.gravatar.com/avatar/0d7c76b308304a1181fc45a610835a8f?s=128&d=identicon&r=PG,giri,https://stackoverflow.com/users/240698/giri,True,151604,,1401371784,,4,,49,1409852481,1266557447,,2294268,https://stackoverflow.com/questions/2294268/how-can-i-increase-the-jvm-memory,duplicate,How can I increase the JVM memory?,
java,eclipse,jvm,,,599,1897528,registered,64,https://i.stack.imgur.com/JI8f2.png?s=128&g=1,Qualtar Demix,https://stackoverflow.com/users/1897528/qualtar-demix,True,187340,1406643975,1441806445,,12,,48,1455622522,1383283489,1495541399,19721290,https://stackoverflow.com/questions/19721290/eclipse-gives-java-was-started-but-returned-exit-code-13,duplicate,Eclipse gives “Java was started but returned exit code 13”,
java,jvm,jvm-hotspot,permgen,,10974,185723,registered,89,https://www.gravatar.com/avatar/7d862d25ed13aaa5eb4cb660a79d2ce5?s=128&d=identicon&r=PG,dimitrisli,https://stackoverflow.com/users/185723/dimitrisli,True,250990,,,,3,,48,1344449732,1322829345,1344000219,8356416,https://stackoverflow.com/questions/8356416/xxmaxpermsize-with-or-without-xxpermsize,,-XX:MaxPermSize with or without -XX:PermSize,
java,performance,scala,jvm,microbenchmark,2577,159759,registered,70,https://www.gravatar.com/avatar/65b0410dc64e4aee3f3b758f6254c6e2?s=128&d=identicon&r=PG,Phil,https://stackoverflow.com/users/159759/phil,True,7510,,,22604185,4,,47,1404421936,1395509893,1495540056,22581163,https://stackoverflow.com/questions/22581163/hidden-performance-cost-in-scala,,Hidden performance cost in Scala?,
java,jvm,bytecode,backwards-compatibility,,17403,58394,registered,99,https://www.gravatar.com/avatar/4efba28ff0df4f5c3e8819a1ccbf9f1f?s=128&d=identicon&r=PG,knorv,https://stackoverflow.com/users/58394/knorv,True,2938,,,1655041,14,,47,1460239853,1257008104,1430734907,1654923,https://stackoverflow.com/questions/1654923/are-there-any-specific-examples-of-backward-incompatibilities-between-java-versi,,Are there any specific examples of backward incompatibilities between Java versions?,
java,jar,jvm,classpath,,566,750567,registered,87,https://www.gravatar.com/avatar/bc97c0b42cbafd3e3417b1d19b5a2a4a?s=128&d=identicon&r=PG,Reza,https://stackoverflow.com/users/750567/reza,True,68433,,,11922724,6,,47,1486106831,1344779531,1344781657,11922681,https://stackoverflow.com/questions/11922681/differences-between-java-cp-and-java-jar,,"Differences between ""java -cp"" and ""java -jar""?",
java,process,jvm,htop,,2619,762567,registered,84,https://www.gravatar.com/avatar/8430fc05e2e8d714b16dad7c6f3db4ee?s=128&d=identicon&r=PG,b.buchhold,https://stackoverflow.com/users/762567/b-buchhold,True,9815,,,12978866,1,,46,1465749889,1339599194,1465749889,11017597,https://stackoverflow.com/questions/11017597/htop-showing-multiple-java-processes-with-different-pids,,Htop showing multiple java processes with different pids,
java,memory,recursion,jvm,stack-overflow,241630,256196,moderator,77,https://www.gravatar.com/avatar/d84b558fd67be10d5a718fb94231909d?s=128&d=identicon&r=PG,Bohemian,https://stackoverflow.com/users/256196/bohemian,True,6558,,,13995983,6,,46,1458162090,1356117303,1458162090,13995885,https://stackoverflow.com/questions/13995885/how-to-predict-the-maximum-call-depth-of-a-recursive-method,,How to predict the maximum call depth of a recursive method?,
java,jvm,performance,startup,,6713,1586,registered,54,https://www.gravatar.com/avatar/e1f145ebb80b59a4bdb00a84537464a8?s=128&d=identicon&r=PG,Jegschemesch,https://stackoverflow.com/users/1586/jegschemesch,True,19794,,,844174,8,,46,1427735894,1241905621,1241943861,844143,https://stackoverflow.com/questions/844143/why-is-the-jvm-slow-to-start,,Why is the JVM slow to start?,
java,reflection,jvm,,,,,does_not_exist,,,Walter White,,True,56301,,,2554461,9,,45,1476610069,1269980213,1452269801,2548384,https://stackoverflow.com/questions/2548384/java-get-a-list-of-all-classes-loaded-in-the-jvm,,Java - Get a list of all Classes loaded in the JVM,
java,jvm,,,,783,810435,registered,82,https://www.gravatar.com/avatar/a5a48a36d81db05850aee31757f6bc1a?s=128&d=identicon&r=PG,naeemgik,https://stackoverflow.com/users/810435/naeemgik,True,40358,,,14708631,6,,45,1484498384,1317907421,1317907669,7674839,https://stackoverflow.com/questions/7674839/is-the-jvm-a-compiler-or-an-interpreter,,Is the JVM a compiler or an interpreter?,
java,jvm,,,,20891,42595,registered,91,https://www.gravatar.com/avatar/bd5fa82ba89951f5040911476c0c75d9?s=128&d=identicon&r=PG&f=1,Ethan,https://stackoverflow.com/users/42595/ethan,True,23205,,,410968,4,,45,1333628283,1231037228,1333628283,410320,https://stackoverflow.com/questions/410320/what-is-java-written-in,,What is Java written in?,
java,process,jvm,,,301,741180,unregistered,0,https://www.gravatar.com/avatar/8f4af5a55c91b0387221b35207fb179a?s=128&d=identicon&r=PG,nadh,https://stackoverflow.com/users/741180/nadh,True,18402,,,,6,,45,1486531110,1305015765,1365420414,5947207,https://stackoverflow.com/questions/5947207/is-there-one-jvm-per-java-application,,Is there one JVM per Java application?,
java,performance,memory,concurrency,jvm,382567,57695,registered,78,https://www.gravatar.com/avatar/53ee9941b3fefef67175daf212e62d41?s=128&d=identicon&r=PG,Peter Lawrey,https://stackoverflow.com/users/57695/peter-lawrey,True,3237,,,8015719,6,,45,1460358778,1320165235,1460358778,7969665,https://stackoverflow.com/questions/7969665/ways-to-improve-performance-consistency,,Ways to improve performance consistency,
java,linux,memory,jvm,heap,1760,9518,registered,68,https://www.gravatar.com/avatar/ddbadbdb89a8375f01c6b898fcd365a3?s=128&d=identicon&r=PG,Randyaa,https://stackoverflow.com/users/9518/randyaa,True,145271,,,,15,,45,1363771156,1246283873,1246367737,1058471,https://stackoverflow.com/questions/1058471/java-refuses-to-start-could-not-reserve-enough-space-for-object-heap,,Java Refuses to Start - Could not reserve enough space for object heap,
